Club,School Details,Count,Count.1
Brighton Wolves Basketball Club,"Brighton Grammar School, Brighton VIC 3186",236,129
Saints Basketball Club (McKinnon),"Our Lady of the Sacred Heart College, Bentleigh VIC 3204",66,24
Independent,"St Peter's School, Bentleigh East VIC 3165",167,22
Brighton Wolves Basketball Club,"Elsternwick Primary School, Brighton VIC 3186",59,42
Independent,N/A,2176,766
Oakleigh Raptors Basketball Club,"St Andrew's School, Clayton South VIC 3169",27,23
Bentleigh Lakers Basketball Club,"McKinnon Secondary College - East Campus, Bentleigh East VIC 3165",260,107
Ormond Jets Basketball Club,"Gardenvale Primary School, Brighton East VIC 3187",187,162
Bentleigh Lakers Basketball Club,"Caulfield Grammar School, St Kilda East VIC 3183",99,16
Bentleigh Lakers Basketball Club,N/A,2176,409
East Brighton Vampires Basketball Club,N/A,2176,42
East Brighton Vampires Basketball Club,"St Finbar's School, Brighton East VIC 3187",159,116
Brighton Wolves Basketball Club,"Caulfield Grammar School, St Kilda East VIC 3183",99,33
Saints Basketball Club (McKinnon),"St Peter's School, Bentleigh East VIC 3165",167,111
Ormond Jets Basketball Club,"St Finbar's School, Brighton East VIC 3187",159,28
Maccabi Victoria Basketball Club,"Beth Rivkah Ladies College, St Kilda East VIC 3183",36,36
Maccabi Victoria Basketball Club,"Mount Scopus Memorial College, Burwood VIC 3125",122,66
Maccabi Victoria Basketball Club,"Yesodei HaTorah College, Elwood VIC 3184",4,4
Oakleigh Raptors Basketball Club,"Hughesdale Primary School, Hughesdale VIC 3166",121,16
ABA Wolverines Basketball Club,"Haileybury College - Brighton Boys, Brighton VIC 3186",151,36
Bentleigh Lakers Basketball Club,"Hughesdale Primary School, Hughesdale VIC 3166",121,97
Oakleigh Raptors Basketball Club,"Sacred Heart Girls' College, Oakleigh VIC 3166",19,10
Oakleigh Raptors Basketball Club,"Sacred Heart School, Oakleigh VIC 3166",42,34
Carnegie Basketball Club,"Carnegie Primary School, Carnegie VIC 3163",160,146
Moorabbin Magic Basketball Club,"Coatesville Primary School, Bentleigh East VIC 3165",189,90
Saints Basketball Club (McKinnon),N/A,2176,85
Bentleigh Lakers Basketball Club,"St Bede's College - Bentleigh East Campus, Bentleigh East VIC 3165",72,24
Saints Basketball Club (McKinnon),"St Bede's College - Bentleigh East Campus, Bentleigh East VIC 3165",72,9
Ormond Jets Basketball Club,"Carnegie Primary School, Carnegie VIC 3163",160,7
Saints Basketball Club (McKinnon),"St Leonard's College, Brighton East VIC 3187",98,3
Brighton Wolves Basketball Club,N/A,2176,265
Brighton Wolves Basketball Club,"Haileybury College - Brighton Girls, Brighton VIC 3186",51,22
Saints Basketball Club (McKinnon),"Brighton Primary School, Brighton VIC 3186",101,3
Brighton Wolves Basketball Club,"Brighton Primary School, Brighton VIC 3186",101,90
Ormond Jets Basketball Club,"McKinnon Secondary College - East Campus, Bentleigh East VIC 3165",260,68
Carnegie Basketball Club,"Valkstone Primary School, Bentleigh East VIC 3165",139,5
Oakleigh Raptors Basketball Club,"Oakleigh South Primary School, Oakleigh South VIC 3167",134,106
Brighton Wolves Basketball Club,"Star of the Sea College, Brighton VIC 3186",96,18
Oakleigh Raptors Basketball Club,"South Oakleigh College, Oakleigh South VIC 3167",61,35
Saints Basketball Club (McKinnon),"Parktone Primary School, Parkdale VIC 3195",1,1
Bentleigh Lakers Basketball Club,"Haileybury College - Brighton Boys, Brighton VIC 3186",151,11
Independent,"Haileybury College - Brighton Boys, Brighton VIC 3186",151,15
St Kilda Warriors Basketball Club,"St Michael's Grammar School, St Kilda VIC 3182",33,11
Oakleigh Raptors Basketball Club,"St Patrick's School, Murrumbeena VIC 3163",49,2
Bentleigh Lakers Basketball Club,"Coatesville Primary School, Bentleigh East VIC 3165",189,63
Carnegie Basketball Club,N/A,2176,130
Carnegie Basketball Club,"Haileybury College - Brighton Boys, Brighton VIC 3186",151,3
Ormond Jets Basketball Club,"Mount Scopus Memorial College, Burwood VIC 3125",122,35
Saints Basketball Club (McKinnon),"Mentone Grammar School, Mentone VIC 3194",41,7
ABA Wolverines Basketball Club,"Brighton Grammar School, Brighton VIC 3186",236,47
Brighton Wolves Basketball Club,"St Finbar's School, Brighton East VIC 3187",159,5
ABA Wolverines Basketball Club,N/A,2176,24
Brighton Wolves Basketball Club,"Hampton Primary School, Hampton VIC 3188",47,41
Carnegie Basketball Club,"St Patrick's School, Murrumbeena VIC 3163",49,29
Carnegie Basketball Club,"Glen Eira College, Caulfield East VIC 3145",74,57
Oakleigh Raptors Basketball Club,"Mount Waverley Heights Primary School, Mount Waverley VIC 3149",9,7
Brighton Wolves Basketball Club,"St Joan of Arc School, Brighton VIC 3186",123,116
ABA Wolverines Basketball Club,"Mckinnon Secondary College, Mckinnon VIC 3204",206,3
Brighton Wolves Basketball Club,"Melbourne Montessori College - Caulfield South Campus, Caulfield South VIC 3162",7,1
Brighton Wolves Basketball Club,"Haileybury College - Brighton Boys, Brighton VIC 3186",151,72
Ormond Jets Basketball Club,"St Columba's School, Elwood VIC 3184",1,1
Ormond Jets Basketball Club,"Mckinnon Secondary College, Mckinnon VIC 3204",206,48
Brighton Wolves Basketball Club,"St Kevin's College, Toorak VIC 3142",42,10
Maccabi Victoria Basketball Club,"Leibler Yavneh College, Elsternwick VIC 3185",16,13
Carnegie Basketball Club,"Kilvington Grammar School, Ormond VIC 3204",115,12
Ormond Jets Basketball Club,"Ripponlea Primary School, St Kilda East VIC 3183",25,20
Ormond Jets Basketball Club,"Caulfield Primary School, Caulfield South VIC 3162",24,18
Moorabbin Magic Basketball Club,"Caulfield Grammar School, St Kilda East VIC 3183",99,3
Ormond Jets Basketball Club,"Kilvington Grammar School, Ormond VIC 3204",115,28
Ormond Jets Basketball Club,N/A,2176,136
South East Warriors Basketball Club,"St Leonard's College, Brighton East VIC 3187",98,8
Moorabbin Magic Basketball Club,"Bentleigh West Primary School, Bentleigh VIC 3204",155,71
Oakleigh Raptors Basketball Club,"Murrumbeena Primary School, Murrumbeena VIC 3163",56,5
Ormond Jets Basketball Club,"Bialik College, Hawthorn VIC 3122",76,31
South East Warriors Basketball Club,"Melbourne Montessori College - Brighton East Campus, Brighton East VIC 3187",12,5
Moorabbin Magic Basketball Club,N/A,2176,123
Saints Basketball Club (McKinnon),"De La Salle College - Kinnoull Campus, Malvern VIC 3144",24,2
Brighton Wolves Basketball Club,"St Joseph's School, Elsternwick VIC 3185",80,28
Oakleigh Raptors Basketball Club,N/A,2176,100
Oakleigh Raptors Basketball Club,"Kilvington Grammar School, Ormond VIC 3204",115,4
Moorabbin Magic Basketball Club,"St Bede's College, Mentone VIC 3194",36,9
Independent,"Brighton Grammar School, Brighton VIC 3186",236,12
Bentleigh Lakers Basketball Club,"Marymede Catholic College - Doreen, South Morang VIC 3754",1,1
Oakleigh Raptors Basketball Club,"Huntingtower School, Mount Waverley VIC 3149",1,1
Moorabbin Magic Basketball Club,"St Bede's College - Bentleigh East Campus, Bentleigh East VIC 3165",72,18
Ormond Jets Basketball Club,"St Joseph's School, Elsternwick VIC 3185",80,14
ABA Wolverines Basketball Club,"St Joseph's School, Elsternwick VIC 3185",80,1
Independent,"St Joseph's School, Elsternwick VIC 3185",80,24
Saints Basketball Club (McKinnon),"Star of the Sea College, Brighton VIC 3186",96,29
Bentleigh Lakers Basketball Club,"De La Salle College, Malvern VIC 3144",54,18
Saints Basketball Club (McKinnon),"St Paul's School, Bentleigh VIC 3204",157,139
Bentleigh Lakers Basketball Club,"St Paul's School, Bentleigh VIC 3204",157,8
ABA Wolverines Basketball Club,"Kilvington Grammar School, Ormond VIC 3204",115,11
Oakleigh Raptors Basketball Club,"Oakleigh Grammar, Oakleigh VIC 3166",29,15
Brighton Wolves Basketball Club,"Brighton Secondary College, Brighton East VIC 3187",85,30
St Kilda Warriors Basketball Club,"St Kilda Primary School, St Kilda VIC 3182",26,13
Bentleigh Lakers Basketball Club,"St Michael's Grammar School, St Kilda VIC 3182",33,1
Ormond Jets Basketball Club,"Caulfield South Primary School, Caulfield South VIC 3162",114,101
Moorabbin Magic Basketball Club,"Le Page Primary School, Cheltenham VIC 3192",12,2
South East Warriors Basketball Club,"Murrumbeena Primary School, Murrumbeena VIC 3163",56,1
South East Warriors Basketball Club,N/A,2176,72
Bentleigh Lakers Basketball Club,"Murrumbeena Primary School, Murrumbeena VIC 3163",56,43
Ormond Jets Basketball Club,"De La Salle College - Holy Eucharist Campus, Malvern East VIC 3145",35,5
Ormond Jets Basketball Club,"De La Salle College - Kinnoull Campus, Malvern VIC 3144",24,1
Ormond Jets Basketball Club,"Star of the Sea College, Brighton VIC 3186",96,18
Brighton Wolves Basketball Club,"Sandringham College, Sandringham VIC 3191",15,4
Carnegie Basketball Club,"Murrumbeena Primary School, Murrumbeena VIC 3163",56,7
Bentleigh Lakers Basketball Club,"Bentleigh Secondary College, Bentleigh East VIC 3165",160,45
Saints Basketball Club (McKinnon),"McKinnon Secondary College - East Campus, Bentleigh East VIC 3165",260,10
ABA Wolverines Basketball Club,"Haileybury College - Brighton Girls, Brighton VIC 3186",51,14
Bentleigh Lakers Basketball Club,"Mckinnon Secondary College, Mckinnon VIC 3204",206,92
Bentleigh Lakers Basketball Club,"Mckinnon Primary School, Ormond VIC 3204",105,71
Moorabbin Magic Basketball Club,"Gardenvale Primary School, Brighton East VIC 3187",187,1
Brighton Wolves Basketball Club,"Elwood College, Elwood VIC 3184",37,22
Moorabbin Magic Basketball Club,"Moorabbin Primary School, Moorabbin VIC 3189",29,3
Ormond Jets Basketball Club,"Ormond Primary School, Ormond VIC 3204",37,24
South East Warriors Basketball Club,"Melbourne Montessori College - Caulfield South Campus, Caulfield South VIC 3162",7,3
Brighton Wolves Basketball Club,"St Leonard's College, Brighton East VIC 3187",98,37
Bentleigh Lakers Basketball Club,"South Oakleigh College, Oakleigh South VIC 3167",61,14
Ormond Jets Basketball Club,"Mckinnon Primary School, Ormond VIC 3204",105,8
Bentleigh Lakers Basketball Club,"Sacred Heart Girls' College, Oakleigh VIC 3166",19,3
Oakleigh Raptors Basketball Club,"Westall Secondary College, Clayton South VIC 3169",5,3
East Brighton Vampires Basketball Club,"Wesley College - St Kilda Road Junior Campus, Windsor VIC 3181",16,1
Bentleigh Lakers Basketball Club,"Oakleigh South Primary School, Oakleigh South VIC 3167",134,18
Carnegie Basketball Club,"De La Salle College, Malvern VIC 3144",54,9
Brighton Wolves Basketball Club,"St Kevin's College - Waterford, Richmond VIC 3121",7,4
Oakleigh Raptors Basketball Club,"Salesian College Chadstone, Chadstone VIC 3148",63,21
Independent,"The King David School - The Rebecca Magid Centre, Armadale VIC 3143",26,7
Brighton Wolves Basketball Club,"Caulfield Junior College, Caulfield North VIC 3161",41,14
Oakleigh Raptors Basketball Club,"Roberts McCubbin Primary School, Box Hill South VIC 3128",1,1
Bentleigh Lakers Basketball Club,"Brighton Secondary College, Brighton East VIC 3187",85,6
Carnegie Basketball Club,"Sholem Aleichem College - Senior Campus, Elsternwick VIC 3185",2,1
Bentleigh Lakers Basketball Club,"Mentone Grammar School, Mentone VIC 3194",41,4
Brighton Wolves Basketball Club,"St Louis de Montfort's School, Aspendale VIC 3195",1,1
Ormond Jets Basketball Club,"Glen Eira College, Caulfield East VIC 3145",74,7
Ormond Jets Basketball Club,"Caulfield Junior College, Caulfield North VIC 3161",41,17
Independent,"Brighton Secondary College, Brighton East VIC 3187",85,17
Bentleigh Lakers Basketball Club,"Kilvington Grammar School, Ormond VIC 3204",115,37
South East Warriors Basketball Club,"Elwood Primary School, Elwood VIC 3184",14,2
Independent,"Cheltenham Secondary College, Cheltenham VIC 3192",33,7
Ormond Jets Basketball Club,"Valkstone Primary School, Bentleigh East VIC 3165",139,23
Carnegie Basketball Club,"McKinnon Secondary College - East Campus, Bentleigh East VIC 3165",260,9
Saints Basketball Club (McKinnon),"Gardenvale Primary School, Brighton East VIC 3187",187,2
Brighton Wolves Basketball Club,"Brighton Primary School-Brighton Primary School Deaf Facility, Brighton VIC 3186",6,5
Brighton Wolves Basketball Club,"St Michael's Grammar School, St Kilda VIC 3182",33,13
Maccabi Victoria Basketball Club,"Yeshivah College, St Kilda East VIC 3183",4,4
Ormond Jets Basketball Club,"Our Lady of the Sacred Heart College, Bentleigh VIC 3204",66,12
Brighton Wolves Basketball Club,"St Bede's College - Bentleigh East Campus, Bentleigh East VIC 3165",72,9
Saints Basketball Club (McKinnon),"St Finbar's School, Brighton East VIC 3187",159,3
St Kilda Warriors Basketball Club,"South Yarra Primary School, South Yarra VIC 3141",1,1
Independent,"McKinnon Secondary College - East Campus, Bentleigh East VIC 3165",260,16
South East Warriors Basketball Club,"Tucker Road Bentleigh Primary School, Bentleigh VIC 3204",105,91
Oakleigh Raptors Basketball Club,"Oakleigh Primary School, Oakleigh VIC 3166",18,17
Oakleigh Raptors Basketball Club,"Mordialloc College, Mordialloc VIC 3195",4,2
Moorabbin Magic Basketball Club,"Southmoor Primary School, Moorabbin VIC 3189",55,29
Saints Basketball Club (McKinnon),"Sacre Coeur, Glen Iris VIC 3146",9,3
Saints Basketball Club (McKinnon),"Xavier College, Kew VIC 3101",4,1
Brighton Wolves Basketball Club,"Not Applicable,   ",22,10
ABA Wolverines Basketball Club,"East Bentleigh Primary School, Bentleigh East VIC 3165",19,4
Saints Basketball Club (McKinnon),"Firbank Grammar School, Brighton VIC 3186",32,1
Ormond Jets Basketball Club,"Elsternwick Primary School, Brighton VIC 3186",59,13
Bentleigh Lakers Basketball Club,"St Bede's College, Mentone VIC 3194",36,11
Carnegie Basketball Club,"Prahran High School, Windsor VIC 3181",6,4
East Brighton Vampires Basketball Club,"Brighton Secondary College, Brighton East VIC 3187",85,3
Bentleigh Lakers Basketball Club,"Haileybury College - Brighton Girls, Brighton VIC 3186",51,7
Brighton Wolves Basketball Club,"St James' School, Brighton VIC 3186",20,11
Moorabbin Magic Basketball Club,"Derinya Primary School, Frankston South VIC 3199",1,1
Bentleigh Lakers Basketball Club,"Sacred Heart School, Sandringham VIC 3191",6,3
Brighton Wolves Basketball Club,"Sacred Heart School, Sandringham VIC 3191",6,2
Bayside Warriors Basketball Club Inc,N/A,2176,10
Oakleigh Raptors Basketball Club,"Bentleigh Secondary College, Bentleigh East VIC 3165",160,15
ABA Wolverines Basketball Club,"St Peter's School, Bentleigh East VIC 3165",167,1
Brighton Wolves Basketball Club,"Brighton Beach Primary School, Brighton VIC 3186",49,42
South East Warriors Basketball Club,"St Kevin's College - Glendalough, Toorak VIC 3142",14,1
Bentleigh Lakers Basketball Club,"Parkdale Secondary College, Mordialloc VIC 3195",6,2
Brighton Wolves Basketball Club,"Firbank Grammar School, Brighton VIC 3186",32,22
Bentleigh Lakers Basketball Club,"Sandringham College, Sandringham VIC 3191",15,6
Bentleigh Lakers Basketball Club,"Sandringham Primary School, Sandringham VIC 3191",3,1
Saints Basketball Club (McKinnon),"St Patrick's School, Mentone VIC 3194",10,5
Saints Basketball Club (McKinnon),"St Bede's College, Mentone VIC 3194",36,5
South East Warriors Basketball Club,"Valkstone Primary School, Bentleigh East VIC 3165",139,18
South East Warriors Basketball Club,"Bentleigh Secondary College, Bentleigh East VIC 3165",160,53
Moorabbin Magic Basketball Club,"Kilbreda College, Mentone VIC 3194",12,4
Ormond Jets Basketball Club,"Bentleigh West Primary School, Bentleigh VIC 3204",155,36
East Brighton Vampires Basketball Club,"Star of the Sea College, Brighton VIC 3186",96,12
Bentleigh Lakers Basketball Club,"St Patrick's School, Murrumbeena VIC 3163",49,6
Maccabi Victoria Basketball Club,"Bialik College, Hawthorn VIC 3122",76,30
South East Warriors Basketball Club,"St Joan of Arc School, Brighton VIC 3186",123,5
South East Warriors Basketball Club,"McKinnon Secondary College - East Campus, Bentleigh East VIC 3165",260,17
Brighton Wolves Basketball Club,"Mckinnon Primary School, Ormond VIC 3204",105,2
Independent,"St Kevin's College, Toorak VIC 3142",42,3
South East Warriors Basketball Club,"Parkdale Secondary College, Mordialloc VIC 3195",6,1
Ormond Jets Basketball Club,"The King David School - The Rebecca Magid Centre, Armadale VIC 3143",26,13
Independent,"St Patrick's School, Murrumbeena VIC 3163",49,10
Moorabbin Magic Basketball Club,"McKinnon Secondary College - East Campus, Bentleigh East VIC 3165",260,16
Bentleigh Lakers Basketball Club,"De La Salle College - Holy Eucharist Campus, Malvern East VIC 3145",35,9
Bentleigh Lakers Basketball Club,"The King David School - Junior School, Armadale VIC 3143",12,1
Maccabi Victoria Basketball Club,N/A,2176,3
St Kilda Warriors Basketball Club,"St Kilda Park Primary School, St Kilda VIC 3182",6,4
St Kilda Warriors Basketball Club,"Albert Park College, Albert Park VIC 3206",9,2
Ormond Jets Basketball Club,"Port Melbourne Secondary College, Port Melbourne VIC 3207",1,1
Bentleigh Lakers Basketball Club,"Tucker Road Bentleigh Primary School, Bentleigh VIC 3204",105,5
Ormond Jets Basketball Club,"The King David School, Armadale VIC 3143",17,12
Bentleigh Lakers Basketball Club,"Bialik College, Hawthorn VIC 3122",76,2
Moorabbin Magic Basketball Club,"Oakleigh Grammar, Oakleigh VIC 3166",29,1
Ormond Jets Basketball Club,"Coatesville Primary School, Bentleigh East VIC 3165",189,12
Brighton Wolves Basketball Club,"Haileybury College - Keysborough Boys, Keysborough VIC 3173",23,16
Bentleigh Lakers Basketball Club,"Valkstone Primary School, Bentleigh East VIC 3165",139,73
Ormond Jets Basketball Club,"St Leonard's College, Brighton East VIC 3187",98,12
Independent,"Salesian College Chadstone, Chadstone VIC 3148",63,1
Carnegie Basketball Club,"Salesian College Chadstone, Chadstone VIC 3148",63,13
ABA Wolverines Basketball Club,"Bentleigh West Primary School, Bentleigh VIC 3204",155,8
Maccabi Victoria Basketball Club,"The King David School - Junior School, Armadale VIC 3143",12,2
East Brighton Vampires Basketball Club,"Mckinnon Primary School, Ormond VIC 3204",105,2
Carnegie Basketball Club,"Caulfield Junior College, Caulfield North VIC 3161",41,4
East Brighton Vampires Basketball Club,"Brighton Primary School, Brighton VIC 3186",101,3
Bayside Warriors Basketball Club Inc,"St Kilda Park Primary School, St Kilda VIC 3182",6,1
Ormond Jets Basketball Club,"De La Salle College, Malvern VIC 3144",54,7
Brighton Wolves Basketball Club,"Mentone Grammar School, Mentone VIC 3194",41,4
Independent,"Our Lady of the Sacred Heart College, Bentleigh VIC 3204",66,2
South East Warriors Basketball Club,"St Bede's College - Bentleigh East Campus, Bentleigh East VIC 3165",72,6
Bentleigh Lakers Basketball Club,"Cheltenham Secondary College, Cheltenham VIC 3192",33,11
Oakleigh Raptors Basketball Club,"Clayton North Primary School, Clayton VIC 3168",1,1
St Kilda Warriors Basketball Club,"Port Melbourne Primary School, Port Melbourne VIC 3207",18,12
Bayside Warriors Basketball Club Inc,"Middle Park Primary School, Middle Park VIC 3206",4,2
Maccabi Victoria Basketball Club,"Mount Scopus Memorial College - Gandel Besen House Campus, St Kilda East VIC 3183",8,7
Piranhas Basketball,"Caulfield Grammar School, St Kilda East VIC 3183",99,12
Independent,"Mentone Grammar School, Mentone VIC 3194",41,4
Bentleigh Lakers Basketball Club,"Our Lady of the Sacred Heart College, Bentleigh VIC 3204",66,12
St Kilda Warriors Basketball Club,"Wesley College - St Kilda Road Junior Campus, Windsor VIC 3181",16,3
Carnegie Basketball Club,"Mckinnon Secondary College, Mckinnon VIC 3204",206,10
Ormond Jets Basketball Club,"Kilbreda College, Mentone VIC 3194",12,1
Brighton Wolves Basketball Club,"Mordialloc Beach Primary School, Mordialloc VIC 3195",1,1
Saints Basketball Club (McKinnon),"Brighton Secondary College, Brighton East VIC 3187",85,2
Saints Basketball Club (McKinnon),"Sandringham College, Sandringham VIC 3191",15,2
Bentleigh Lakers Basketball Club,"St Kevin's College, Toorak VIC 3142",42,8
South East Warriors Basketball Club,"South Oakleigh College, Oakleigh South VIC 3167",61,1
Ormond Jets Basketball Club,"St Michael's Grammar School, St Kilda VIC 3182",33,4
Independent,"Mckinnon Secondary College, Mckinnon VIC 3204",206,12
Bentleigh Lakers Basketball Club,"Salesian College Chadstone, Chadstone VIC 3148",63,20
Moorabbin Magic Basketball Club,"Bentleigh Secondary College, Bentleigh East VIC 3165",160,28
Ormond Jets Basketball Club,"Elwood College, Elwood VIC 3184",37,8
Bentleigh Lakers Basketball Club,"East Bentleigh Primary School, Bentleigh East VIC 3165",19,6
St Kilda Warriors Basketball Club,"Caulfield Grammar School, St Kilda East VIC 3183",99,1
Bentleigh Lakers Basketball Club,"Glen Eira College, Caulfield East VIC 3145",74,5
East Brighton Vampires Basketball Club,"St Leonard's College, Brighton East VIC 3187",98,3
Oakleigh Raptors Basketball Club,"Christ Our Holy Redeemer School, Oakleigh East VIC 3166",4,4
South East Warriors Basketball Club,"St Paul's School, Bentleigh VIC 3204",157,6
Bentleigh Lakers Basketball Club,"Brighton Grammar School, Brighton VIC 3186",236,14
Carnegie Basketball Club,"Korowa Anglican Girls' School, Glen Iris VIC 3146",2,1
Carnegie Basketball Club,"Melbourne Montessori College - Brighton East Campus, Brighton East VIC 3187",12,2
Brighton Wolves Basketball Club,"Loreto Mandeville Hall, Toorak VIC 3142",9,2
Bayside Warriors Basketball Club Inc,"Port Melbourne Primary School, Port Melbourne VIC 3207",18,6
Bentleigh Lakers Basketball Club,"Gardenvale Primary School, Brighton East VIC 3187",187,4
Moorabbin Magic Basketball Club,"St Catherine's School, Moorabbin VIC 3189",20,17
South East Warriors Basketball Club,"St Bede's College, Mentone VIC 3194",36,3
South East Warriors Basketball Club,"Elsternwick Primary School, Brighton VIC 3186",59,2
Ormond Jets Basketball Club,"Wesley College - St Kilda Road Junior Campus, Windsor VIC 3181",16,8
Bentleigh Lakers Basketball Club,"St Agnes' School, Highett VIC 3190",2,1
ABA Wolverines Basketball Club,"Hampton Primary School, Hampton VIC 3188",47,2
Carnegie Basketball Club,"Bentleigh Secondary College, Bentleigh East VIC 3165",160,2
Ormond Jets Basketball Club,"Brighton Beach Primary School, Brighton VIC 3186",49,1
East Brighton Vampires Basketball Club,"Caulfield Grammar School, St Kilda East VIC 3183",99,2
Independent,"Caulfield Grammar School - Shelford Campus, Caulfield North VIC 3161",1,1
Bentleigh Lakers Basketball Club,"De La Salle College - Kinnoull Campus, Malvern VIC 3144",24,6
Carnegie Basketball Club,"De La Salle College - Kinnoull Campus, Malvern VIC 3144",24,6
Bentleigh Lakers Basketball Club,"St Joseph's School, Elsternwick VIC 3185",80,1
Oakleigh Raptors Basketball Club,"Cire Community School - Monbulk Campus, Monbulk VIC 3793",1,1
Brighton Wolves Basketball Club,"Xavier College - Burke Hall, Kew VIC 3101",2,1
Ormond Jets Basketball Club,"Caulfield Grammar School, St Kilda East VIC 3183",99,18
Brighton Wolves Basketball Club,"Our Lady of the Sacred Heart College, Bentleigh VIC 3204",66,3
Moorabbin Tigers Basketball Club,"Moorabbin Primary School, Moorabbin VIC 3189",29,11
Bentleigh Lakers Basketball Club,"St Finbar's School, Brighton East VIC 3187",159,5
Saints Basketball Club (McKinnon),"Haileybury College - Brighton Girls, Brighton VIC 3186",51,3
Bentleigh Lakers Basketball Club,"Loreto Mandeville Hall, Toorak VIC 3142",9,1
Moorabbin Magic Basketball Club,"Haileybury College - Brighton Boys, Brighton VIC 3186",151,4
Ormond Jets Basketball Club,"Brighton Secondary College, Brighton East VIC 3187",85,10
Moorabbin Magic Basketball Club,"Bialik College, Hawthorn VIC 3122",76,7
Moorabbin Magic Basketball Club,"Brighton Secondary College, Brighton East VIC 3187",85,14
St Kilda Warriors Basketball Club,"Wesley College - Elsternwick Campus, Elsternwick VIC 3185",47,8
Bentleigh Lakers Basketball Club,"Bentleigh West Primary School, Bentleigh VIC 3204",155,11
Saints Basketball Club (McKinnon),"Hughesdale Primary School, Hughesdale VIC 3166",121,3
Ormond Jets Basketball Club,"Albert Park College, Albert Park VIC 3206",9,1
Bayside Warriors Basketball Club Inc,"St Kilda Primary School, St Kilda VIC 3182",26,7
Brighton Wolves Basketball Club,"McKinnon Secondary College - East Campus, Bentleigh East VIC 3165",260,8
Bentleigh Lakers Basketball Club,"Caulfield Grammar School - Malvern Campus, Glen Iris VIC 3146",13,1
St Kilda Warriors Basketball Club,"St Joseph's School, Elsternwick VIC 3185",80,5
Bentleigh Lakers Basketball Club,"St Leonard's College, Brighton East VIC 3187",98,14
ABA Wolverines Basketball Club,"Xavier College - Burke Hall, Kew VIC 3101",2,1
Carnegie Basketball Club,"Caulfield Primary School, Caulfield South VIC 3162",24,5
Independent,"St Bede's College, Mentone VIC 3194",36,1
Saints Basketball Club (McKinnon),"Kilvington Grammar School, Ormond VIC 3204",115,9
Ormond Jets Basketball Club,"Mentone Grammar School, Mentone VIC 3194",41,2
ABA Wolverines Basketball Club,"Coatesville Primary School, Bentleigh East VIC 3165",189,6
East Brighton Vampires Basketball Club,"Valkstone Primary School, Bentleigh East VIC 3165",139,1
Moorabbin Magic Basketball Club,"Hughesdale Primary School, Hughesdale VIC 3166",121,1
Brighton Wolves Basketball Club,"Stella Maris School, Beaumaris VIC 3193",2,1
Moorabbin Magic Basketball Club,"Salesian College Chadstone, Chadstone VIC 3148",63,2
Independent,"St Michael's Grammar School, St Kilda VIC 3182",33,1
Bentleigh Lakers Basketball Club,"Cheltenham East Primary School, Cheltenham VIC 3192",5,2
Piranhas Basketball,"Brighton Grammar School, Brighton VIC 3186",236,1
Independent,"Emmaus College, Vermont South VIC 3133",1,1
Oakleigh Raptors Basketball Club,"Mazenod College, Mulgrave VIC 3170",11,7
Moorabbin Magic Basketball Club,"Home School,   ",6,1
St Kilda Warriors Basketball Club,"Haileybury College - City Boys, West Melbourne VIC 3006",1,1
Brighton Wolves Basketball Club,"Melbourne Grammar School - Grimwade Campus, Caulfield North VIC 3161",8,6
Bentleigh Lakers Basketball Club,"Carnegie Primary School, Carnegie VIC 3163",160,5
South East Warriors Basketball Club,"Southmoor Primary School, Moorabbin VIC 3189",55,12
South East Warriors Basketball Club,"St Finbar's School, Brighton East VIC 3187",159,1
Brighton Wolves Basketball Club,"Scotch College, Hawthorn VIC 3122",12,1
East Brighton Vampires Basketball Club,"St Kevin's College, Toorak VIC 3142",42,7
Moorabbin Tigers Basketball Club,"Haileybury College - Brighton Boys, Brighton VIC 3186",151,1
Independent,"Wesley College - Elsternwick Campus, Elsternwick VIC 3185",47,20
Moorabbin Magic Basketball Club,"Mckinnon Secondary College, Mckinnon VIC 3204",206,11
Ormond Jets Basketball Club,"Melbourne Grammar School, Melbourne VIC 3004",6,1
Brighton Wolves Basketball Club,"Melbourne Grammar School - Wadhurst Campus, Melbourne VIC 3004",6,5
Bentleigh Lakers Basketball Club,"Southmoor Primary School, Moorabbin VIC 3189",55,8
Saints Basketball Club (McKinnon),"Mckinnon Secondary College, Mckinnon VIC 3204",206,11
Brighton Wolves Basketball Club,"Bialik College, Hawthorn VIC 3122",76,1
Independent,"Caulfield Grammar School, St Kilda East VIC 3183",99,9
Bentleigh Lakers Basketball Club,"St Patrick's School, Mentone VIC 3194",10,2
ABA Wolverines Basketball Club,"Hartwell Primary School, Camberwell VIC 3124",1,1
Brighton Wolves Basketball Club,"Mckinnon Secondary College, Mckinnon VIC 3204",206,4
South East Warriors Basketball Club,"Coatesville Primary School, Bentleigh East VIC 3165",189,7
Carnegie Basketball Club,"Mentone Grammar School, Mentone VIC 3194",41,7
Bentleigh Lakers Basketball Club,"South Melbourne Park Primary School, Albert Park VIC 3206",2,1
Bentleigh Lakers Basketball Club,"Nunawading Christian College - Primary, Nunawading VIC 3131",1,1
Oakleigh Raptors Basketball Club,"Mckinnon Secondary College, Mckinnon VIC 3204",206,9
Oakleigh Raptors Basketball Club,"Amsleigh Park Primary School, Oakleigh East VIC 3166",12,12
Bentleigh Lakers Basketball Club,"Oakleigh Grammar, Oakleigh VIC 3166",29,6
Ormond Jets Basketball Club,"Bentleigh Secondary College, Bentleigh East VIC 3165",160,3
Bentleigh Lakers Basketball Club,"Home School,   ",6,2
South East Warriors Basketball Club,"Moorabbin Primary School, Moorabbin VIC 3189",29,4
East Brighton Vampires Basketball Club,"Beaumaris Primary School, Beaumaris VIC 3193",8,2
East Brighton Vampires Basketball Club,"Not Applicable,   ",22,1
Brighton Wolves Basketball Club,"St James School, Nar Nar Goon VIC 3812",1,1
Ormond Jets Basketball Club,"Mentone Girls Secondary College, Mentone VIC 3194",11,2
Ormond Jets Basketball Club,"St Mary’s College Melbourne - Edmund Rice Campus, St Kilda East VIC 3183",4,3
Ormond Jets Basketball Club,"St Mary's School - Campus 2, St Kilda East VIC 3183",5,1
Carnegie Basketball Club,"Glen Huntly Primary School, Glen Huntly VIC 3163",20,11
Carnegie Basketball Club,"De La Salle College - Holy Eucharist Campus, Malvern East VIC 3145",35,11
Brighton Wolves Basketball Club,"Moorabbin Primary School, Moorabbin VIC 3189",29,1
Maccabi Victoria Basketball Club,"Mount Scopus Memorial College - Fink Karp Ivany Campus, Caulfield South VIC 3162",5,4
Ormond Jets Basketball Club,"Brighton Grammar School, Brighton VIC 3186",236,15
Independent,"Malvern Primary School, Malvern East VIC 3145",8,7
Moorabbin Magic Basketball Club,"Cheltenham Secondary College, Cheltenham VIC 3192",33,2
Oakleigh Raptors Basketball Club,"De La Salle College, Malvern VIC 3144",54,2
Independent,"De La Salle College, Malvern VIC 3144",54,1
Brighton Wolves Basketball Club,"University High School, Parkville VIC 3052",1,1
Brighton Wolves Basketball Club,"Home School,   ",6,2
Brighton Wolves Basketball Club,"Galilee Regional Catholic Primary School, South Melbourne VIC 3205",10,1
Bentleigh Lakers Basketball Club,"Kilbreda College, Mentone VIC 3194",12,3
ABA Wolverines Basketball Club,"McKinnon Secondary College - East Campus, Bentleigh East VIC 3165",260,7
Brighton Wolves Basketball Club,"John Monash Science School, Clayton VIC 3168",5,1
Brighton Wolves Basketball Club,"Melbourne Grammar School, Melbourne VIC 3004",6,4
Saints Basketball Club (McKinnon),"St Mary's School, Hampton VIC 3188",8,2
Moorabbin Magic Basketball Club,"Our Lady of the Sacred Heart College, Bentleigh VIC 3204",66,6
Oakleigh Raptors Basketball Club,"Mentone Girls Secondary College, Mentone VIC 3194",11,1
Ormond Jets Basketball Club,"Oakleigh South Primary School, Oakleigh South VIC 3167",134,4
Bentleigh Lakers Basketball Club,"Ripponlea Primary School, St Kilda East VIC 3183",25,2
Bentleigh Lakers Basketball Club,"Sandringham East Primary School, Sandringham VIC 3191",2,2
Ormond Jets Basketball Club,"Brighton Primary School, Brighton VIC 3186",101,1
Saints Basketball Club (McKinnon),"St Kilda Primary School, St Kilda VIC 3182",26,5
Bayside Warriors Basketball Club Inc,"Albert Park College, Albert Park VIC 3206",9,2
Independent,"Wesley College, Melbourne VIC 3004",16,3
Carnegie Basketball Club,"St Kevin's College - Glendalough, Toorak VIC 3142",14,2
Ormond Jets Basketball Club,"Wesley College, Melbourne VIC 3004",16,1
Ormond Jets Basketball Club,"Wesley College - Elsternwick Campus, Elsternwick VIC 3185",47,9
Bentleigh Lakers Basketball Club,"Moorabbin Primary School, Moorabbin VIC 3189",29,7
East Brighton Vampires Basketball Club,"Our Lady of the Sacred Heart College, Bentleigh VIC 3204",66,2
Bentleigh Lakers Basketball Club,"Firbank Grammar School - Second Campus, Brighton VIC 3186",8,1
Bentleigh Lakers Basketball Club,"Firbank Grammar School, Brighton VIC 3186",32,3
Bentleigh Lakers Basketball Club,"Wilandra Rise Primary School, Clyde North VIC 3978",1,1
Bentleigh Lakers Basketball Club,"Mentone Girls' Grammar School, Mentone VIC 3194",3,2
Bentleigh Lakers Basketball Club,"St Catherine's School, Moorabbin VIC 3189",20,2
Piranhas Basketball,"St Kevin's College - Glendalough, Toorak VIC 3142",14,4
Brighton Wolves Basketball Club,"St Mary's School, Hampton VIC 3188",8,4
Carnegie Basketball Club,"Brighton Grammar School, Brighton VIC 3186",236,7
Carnegie Basketball Club,"Our Lady of the Sacred Heart College, Bentleigh VIC 3204",66,4
Moorabbin Magic Basketball Club,"De La Salle College - Holy Eucharist Campus, Malvern East VIC 3145",35,2
Oakleigh Raptors Basketball Club,"Melbourne High School, South Yarra VIC 3141",7,3
Carnegie Basketball Club,"St Leonard's College, Brighton East VIC 3187",98,1
ABA Wolverines Basketball Club,"Brighton Beach Primary School, Brighton VIC 3186",49,2
South East Warriors Basketball Club,"Brighton Grammar School, Brighton VIC 3186",236,3
Bentleigh Lakers Basketball Club,"Mazenod College, Mulgrave VIC 3170",11,4
Oakleigh Raptors Basketball Club,"Brandon Park Primary School, Wheelers Hill VIC 3150",1,1
Bentleigh Lakers Basketball Club,"Glen Huntly Primary School, Glen Huntly VIC 3163",20,1
Saints Basketball Club (McKinnon),"Bentleigh West Primary School, Bentleigh VIC 3204",155,5
Saints Basketball Club (McKinnon),"Haileybury College - Brighton Boys, Brighton VIC 3186",151,4
Bentleigh Lakers Basketball Club,"John Monash Science School, Clayton VIC 3168",5,2
Maccabi Victoria Basketball Club,"Korowa Anglican Girls' School, Glen Iris VIC 3146",2,1
Saints Basketball Club (McKinnon),"St Kevin's College, Toorak VIC 3142",42,3
Oakleigh Raptors Basketball Club,"Parkdale Secondary College, Mordialloc VIC 3195",6,1
Moorabbin Magic Basketball Club,"Carrum Primary School, Carrum VIC 3197",1,1
Ormond Jets Basketball Club,"Haileybury College - Brighton Girls, Brighton VIC 3186",51,3
Bentleigh Lakers Basketball Club,"Heathdale Christian College, Werribee VIC 3030",2,2
East Brighton Vampires Basketball Club,"Bentleigh West Primary School, Bentleigh VIC 3204",155,9
Piranhas Basketball,"Caulfield Grammar School - Malvern Campus, Glen Iris VIC 3146",13,1
Saints Basketball Club (McKinnon),"Mentone Girls Secondary College, Mentone VIC 3194",11,4
Moorabbin Magic Basketball Club,"Mordialloc College, Mordialloc VIC 3195",4,1
St Kilda Warriors Basketball Club,"St Mary's School - Campus 2, St Kilda East VIC 3183",5,2
Carnegie Basketball Club,"Oakleigh Grammar, Oakleigh VIC 3166",29,5
South East Warriors Basketball Club,"Mckinnon Primary School, Ormond VIC 3204",105,6
Carnegie Basketball Club,"St Paul's School, Bentleigh VIC 3204",157,1
Ormond Jets Basketball Club,"St Andrew's School, Clayton South VIC 3169",27,1
Ormond Jets Basketball Club,"Sacred Heart School, Oakleigh VIC 3166",42,3
Saints Basketball Club (McKinnon),"Loreto Mandeville Hall, Toorak VIC 3142",9,2
Carnegie Basketball Club,"Oakleigh South Primary School, Oakleigh South VIC 3167",134,2
Bentleigh Lakers Basketball Club,"Albert Park College, Albert Park VIC 3206",9,1
St Kilda Warriors Basketball Club,N/A,2176,7
St Kilda Warriors Basketball Club,"Middle Park Primary School, Middle Park VIC 3206",4,2
Bentleigh Lakers Basketball Club,"St Anthony's School, Glen Huntly VIC 3163",5,1
Carnegie Basketball Club,"St Anthony's School, Glen Huntly VIC 3163",5,3
Ormond Jets Basketball Club,"Firbank Grammar School - Second Campus, Brighton VIC 3186",8,1
St Kilda Warriors Basketball Club,"St Anthony's School, Glen Huntly VIC 3163",5,1
Independent,"Bentleigh Secondary College, Bentleigh East VIC 3165",160,1
Brighton Wolves Basketball Club,"St Bede's College, Mentone VIC 3194",36,4
Saints Basketball Club (McKinnon),"Sacred Heart School, Oakleigh VIC 3166",42,3
Saints Basketball Club (McKinnon),"Glen Huntly Primary School, Glen Huntly VIC 3163",20,5
Independent,"Star of the Sea College, Brighton VIC 3186",96,8
Bentleigh Lakers Basketball Club,"Ormond Primary School, Ormond VIC 3204",37,11
Brighton Wolves Basketball Club,"St Kevin's College - Glendalough, Toorak VIC 3142",14,3
South East Warriors Basketball Club,"Bentleigh West Primary School, Bentleigh VIC 3204",155,5
Independent,"South Oakleigh College, Oakleigh South VIC 3167",61,7
Ormond Jets Basketball Club,"St James' School, Brighton VIC 3186",20,3
Ormond Jets Basketball Club,"Caulfield Grammar School - Malvern Campus, Glen Iris VIC 3146",13,4
Saints Basketball Club (McKinnon),"Caulfield Junior College, Caulfield North VIC 3161",41,2
Carnegie Basketball Club,"St Joseph's School, Elsternwick VIC 3185",80,2
St Kilda Warriors Basketball Club,"Elwood Primary School, Elwood VIC 3184",14,1
Oakleigh Raptors Basketball Club,"Ashwood High School, Ashwood VIC 3147",13,9
St Kilda Warriors Basketball Club,"Elwood College, Elwood VIC 3184",37,4
Oakleigh Raptors Basketball Club,"Coatesville Primary School, Bentleigh East VIC 3165",189,1
Piranhas Basketball,"Scotch College, Hawthorn VIC 3122",12,3
Saints Basketball Club (McKinnon),"Mckinnon Primary School, Ormond VIC 3204",105,3
Ormond Jets Basketball Club,"Loreto Mandeville Hall, Toorak VIC 3142",9,2
Ormond Jets Basketball Club,"St Bede's College - Bentleigh East Campus, Bentleigh East VIC 3165",72,3
Oakleigh Raptors Basketball Club,"St Bede's College - Bentleigh East Campus, Bentleigh East VIC 3165",72,1
Saints Basketball Club (McKinnon),"Bentleigh Secondary College, Bentleigh East VIC 3165",160,5
Brighton Wolves Basketball Club,"Firbank Grammar School - Second Campus, Brighton VIC 3186",8,6
Saints Basketball Club (McKinnon),"Sacred Heart School, Sandringham VIC 3191",6,1
Bentleigh Lakers Basketball Club,"Hughes Primary School, Hughes ACT 2605",2,2
Independent,"Mount Scopus Memorial College, Burwood VIC 3125",122,18
St Kilda Warriors Basketball Club,"Caulfield Junior College, Caulfield North VIC 3161",41,1
Ormond Jets Basketball Club,"Sholem Aleichem College - Senior Campus, Elsternwick VIC 3185",2,1
Oakleigh Raptors Basketball Club,"Caulfield Grammar School, St Kilda East VIC 3183",99,1
ABA Wolverines Basketball Club,"St Leonard's College, Brighton East VIC 3187",98,5
Bentleigh Lakers Basketball Club,"Mordialloc College, Mordialloc VIC 3195",4,1
Carnegie Basketball Club,"Sacre Coeur, Glen Iris VIC 3146",9,2
East Brighton Vampires Basketball Club,"Mentone Grammar School, Mentone VIC 3194",41,1
Brighton Wolves Basketball Club,"Beaumaris Primary School, Beaumaris VIC 3193",8,3
South East Warriors Basketball Club,"Kilbreda College, Mentone VIC 3194",12,1
South East Warriors Basketball Club,"Mckinnon Secondary College, Mckinnon VIC 3204",206,5
Oakleigh Raptors Basketball Club,"Mckinnon Primary School, Ormond VIC 3204",105,2
Brighton Wolves Basketball Club,"Ripponlea Primary School, St Kilda East VIC 3183",25,2
Saints Basketball Club (McKinnon),"Coatesville Primary School, Bentleigh East VIC 3165",189,8
Independent,"Sacred Heart Girls' College, Oakleigh VIC 3166",19,1
ABA Wolverines Basketball Club,"Valkstone Primary School, Bentleigh East VIC 3165",139,6
Carnegie Basketball Club,"Haileybury College - Keysborough Boys, Keysborough VIC 3173",23,2
Ormond Jets Basketball Club,"St Mary's School, Hampton VIC 3188",8,2
East Brighton Vampires Basketball Club,"Elsternwick Primary School, Brighton VIC 3186",59,2
Brighton Wolves Basketball Club,"Bentleigh West Primary School, Bentleigh VIC 3204",155,9
St Kilda Warriors Basketball Club,"Wesley College, Melbourne VIC 3004",16,3
East Brighton Vampires Basketball Club,"Mckinnon Secondary College, Mckinnon VIC 3204",206,1
Saints Basketball Club (McKinnon),"Not Applicable,   ",22,3
ABA Wolverines Basketball Club,"Bentleigh Secondary College, Bentleigh East VIC 3165",160,3
Moorabbin Magic Basketball Club,"Kilvington Grammar School, Ormond VIC 3204",115,3
Independent,"Kilvington Grammar School, Ormond VIC 3204",115,9
Moorabbin Tigers Basketball Club,"Mckinnon Primary School, Ormond VIC 3204",105,2
Ormond Jets Basketball Club,"St Mary's School, St Kilda East VIC 3183",9,2
Bentleigh Lakers Basketball Club,"St Peter's School, Bentleigh East VIC 3165",167,21
Bentleigh Lakers Basketball Club,"Elwood Primary School, Elwood VIC 3184",14,1
Independent,"St Leonard's College, Brighton East VIC 3187",98,5
Brighton Wolves Basketball Club,"Cheltenham East Primary School, Cheltenham VIC 3192",5,1
Brighton Wolves Basketball Club,"Glen Eira College, Caulfield East VIC 3145",74,3
ABA Wolverines Basketball Club,"Lauriston Girls' School, Armadale VIC 3143",2,1
Brighton Wolves Basketball Club,"St Mary’s College Melbourne - Edmund Rice Campus, St Kilda East VIC 3183",4,1
Oakleigh Raptors Basketball Club,"Clarinda Primary School, Clarinda VIC 3169",6,6
South East Warriors Basketball Club,"Wesley College - Elsternwick Campus, Elsternwick VIC 3185",47,2
Oakleigh Raptors Basketball Club,"Cheltenham Secondary College, Cheltenham VIC 3192",33,9
Independent,"Bialik College, Hawthorn VIC 3122",76,1
Bentleigh Lakers Basketball Club,"Scotch College, Hawthorn VIC 3122",12,2
Ormond Jets Basketball Club,"St Patrick's School, Murrumbeena VIC 3163",49,2
Ormond Jets Basketball Club,"St Kevin's College - Waterford, Richmond VIC 3121",7,2
Saints Basketball Club (McKinnon),"Sacred Heart Girls' College, Oakleigh VIC 3166",19,2
Bentleigh Lakers Basketball Club,"Star of the Sea College, Brighton VIC 3186",96,6
East Brighton Vampires Basketball Club,"St James' School, Brighton VIC 3186",20,1
ABA Wolverines Basketball Club,"St James' School, Brighton VIC 3186",20,3
South East Warriors Basketball Club,"Bialik College, Hawthorn VIC 3122",76,4
Oakleigh Raptors Basketball Club,"Not Applicable,   ",22,1
Maccabi Victoria Basketball Club,"Cheder Levi Yitzchok Inc, South Yarra VIC 3182",1,1
Brighton Wolves Basketball Club,"Mount Scopus Memorial College, Burwood VIC 3125",122,2
Bentleigh Lakers Basketball Club,"Wesley College, Melbourne VIC 3004",16,3
Ormond Jets Basketball Club,"St Peter's School, Bentleigh East VIC 3165",167,5
Bentleigh Lakers Basketball Club,"Melbourne Montessori College - Brighton East Campus, Brighton East VIC 3187",12,4
Brighton Wolves Basketball Club,"De La Salle College - Kinnoull Campus, Malvern VIC 3144",24,3
Brighton Wolves Basketball Club,"De La Salle College - Holy Eucharist Campus, Malvern East VIC 3145",35,5
Brighton Wolves Basketball Club,"Christ Church Grammar School, South Yarra VIC 3141",1,1
Carnegie Basketball Club,"Brighton Primary School, Brighton VIC 3186",101,1
Moorabbin Magic Basketball Club,"Stella Maris School, Beaumaris VIC 3193",2,1
South East Warriors Basketball Club,"Le Page Primary School, Cheltenham VIC 3192",12,6
Carnegie Basketball Club,"St Kevin's College, Toorak VIC 3142",42,3
Ormond Jets Basketball Club,"St Kevin's College, Toorak VIC 3142",42,6
Oakleigh Raptors Basketball Club,"St Peter's School, Bentleigh East VIC 3165",167,3
Saints Basketball Club (McKinnon),"Valkstone Primary School, Bentleigh East VIC 3165",139,6
Carnegie Basketball Club,"Tucker Road Bentleigh Primary School, Bentleigh VIC 3204",105,2
Brighton Wolves Basketball Club,"Sacre Coeur, Glen Iris VIC 3146",9,1
South East Warriors Basketball Club,"Beaumaris Primary School, Beaumaris VIC 3193",8,1
South East Warriors Basketball Club,"Mentone Grammar School, Mentone VIC 3194",41,4
Saints Basketball Club (McKinnon),"Home School,   ",6,1
St Kilda Warriors Basketball Club,"Coatesville Primary School, Bentleigh East VIC 3165",189,1
South East Warriors Basketball Club,"Kilvington Grammar School, Ormond VIC 3204",115,1
Ormond Jets Basketball Club,"The King David School - Junior School, Armadale VIC 3143",12,9
ABA Wolverines Basketball Club,"Tucker Road Bentleigh Primary School, Bentleigh VIC 3204",105,4
ABA Wolverines Basketball Club,"South Oakleigh College, Oakleigh South VIC 3167",61,2
Ormond Jets Basketball Club,"Melbourne Montessori College - Caulfield South Campus, Caulfield South VIC 3162",7,2
Oakleigh Raptors Basketball Club,"St John Vianney's School, Mulgrave VIC 3170",1,1
Brighton Wolves Basketball Club,"Sandringham College-Bluff Road 7-9 Campus, Sandringham VIC 3191",4,2
Saints Basketball Club (McKinnon),"St Mary's School, St Kilda East VIC 3183",9,1
East Brighton Vampires Basketball Club,"Brighton Grammar School, Brighton VIC 3186",236,4
Oakleigh Raptors Basketball Club,"Mount Waverley Secondary College, Mount Waverley VIC 3149",4,4
Oakleigh Raptors Basketball Club,"Pinewood Primary School, Mount Waverley VIC 3149",3,2
Oakleigh Raptors Basketball Club,"Ruyton Girls' School, Kew VIC 3101",1,1
Moorabbin Magic Basketball Club,"St Leonard's College, Brighton East VIC 3187",98,7
Bentleigh Lakers Basketball Club,"St Andrew's School, Clayton South VIC 3169",27,2
St Kilda Warriors Basketball Club,"Galilee Regional Catholic Primary School, South Melbourne VIC 3205",10,6
Moorabbin Magic Basketball Club,"Firbank Grammar School, Brighton VIC 3186",32,2
Bentleigh Lakers Basketball Club,"Beaumaris Secondary College, Beaumaris VIC 3193",4,1
ABA Wolverines Basketball Club,"Oakleigh South Primary School, Oakleigh South VIC 3167",134,1
Brighton Wolves Basketball Club,"Wesley College - Elsternwick Campus, Elsternwick VIC 3185",47,6
South East Warriors Basketball Club,"Dingley Primary School, Dingley Village VIC 3172",4,2
Ormond Jets Basketball Club,"East Bentleigh Primary School, Bentleigh East VIC 3165",19,2
Ormond Jets Basketball Club,"Haileybury College - Brighton Boys, Brighton VIC 3186",151,5
Saints Basketball Club (McKinnon),"De La Salle College, Malvern VIC 3144",54,8
Bayside Warriors Basketball Club Inc,"Galilee Regional Catholic Primary School, South Melbourne VIC 3205",10,2
Carnegie Basketball Club,"Caulfield Grammar School, St Kilda East VIC 3183",99,3
Moorabbin Magic Basketball Club,"Valkstone Primary School, Bentleigh East VIC 3165",139,3
Brighton Wolves Basketball Club,"Haileybury College - Berwick Boys, Berwick VIC 3806",1,1
Moorabbin Magic Basketball Club,"Parkdale Secondary College, Mordialloc VIC 3195",6,1
Ormond Jets Basketball Club,"Westall Secondary College, Clayton South VIC 3169",5,1
Carnegie Basketball Club,"Hughesdale Primary School, Hughesdale VIC 3166",121,4
Maccabi Victoria Basketball Club,"Gardenvale Primary School, Brighton East VIC 3187",187,3
Saints Basketball Club (McKinnon),"St Andrew's School, Clayton South VIC 3169",27,1
Maccabi Victoria Basketball Club,"Wesley College, Melbourne VIC 3004",16,1
Oakleigh Raptors Basketball Club,"Bentleigh West Primary School, Bentleigh VIC 3204",155,1
Brighton Wolves Basketball Club,"Gardenvale Primary School, Brighton East VIC 3187",187,6
Carnegie Basketball Club,"Gardenvale Primary School, Brighton East VIC 3187",187,1
Bayside Warriors Basketball Club Inc,"Elwood College, Elwood VIC 3184",37,1
Oakleigh Raptors Basketball Club,"Huntingdale Primary School, Oakleigh South VIC 3167",8,6
St Kilda Warriors Basketball Club,"Brighton Grammar School, Brighton VIC 3186",236,1
Carnegie Basketball Club,"Auburn High School, Hawthorn East VIC 3123",2,2
Brighton Wolves Basketball Club,"Caulfield South Primary School, Caulfield South VIC 3162",114,2
Saints Basketball Club (McKinnon),"Caulfield South Primary School, Caulfield South VIC 3162",114,1
Saints Basketball Club (McKinnon),"De La Salle College - Holy Eucharist Campus, Malvern East VIC 3145",35,1
Moorabbin Magic Basketball Club,"De La Salle College - Kinnoull Campus, Malvern VIC 3144",24,2
Brighton Wolves Basketball Club,"St Paul's School, Bentleigh VIC 3204",157,2
Independent,"Leibler Yavneh College, Elsternwick VIC 3185",16,1
Moorabbin Magic Basketball Club,"Sandringham Primary School, Sandringham VIC 3191",3,1
Oakleigh Raptors Basketball Club,"Malvern Valley Primary School, Malvern East VIC 3145",1,1
Carnegie Basketball Club,"Not Applicable,   ",22,3
Brighton Wolves Basketball Club,"Bentleigh Secondary College, Bentleigh East VIC 3165",160,4
Saints Basketball Club (McKinnon),"Moorabbin Primary School, Moorabbin VIC 3189",29,2
Saints Basketball Club (McKinnon),"Toorak Primary School, Toorak VIC 3142",1,1
Moorabbin Magic Basketball Club,"St John Vianney's School, Parkdale VIC 3195",1,1
Oakleigh Raptors Basketball Club,"Avila College, Mount Waverley VIC 3149",1,1
Ormond Jets Basketball Club,"Leibler Yavneh College, Elsternwick VIC 3185",16,2
Brighton Wolves Basketball Club,"Wesley College, Melbourne VIC 3004",16,3
Moorabbin Magic Basketball Club,"South Oakleigh College, Oakleigh South VIC 3167",61,1
South East Warriors Basketball Club,"Mentone Girls Secondary College, Mentone VIC 3194",11,1
Brighton Wolves Basketball Club,"St James Catholic Primary School, Glebe NSW 2037",1,1
Carnegie Basketball Club,"Star of the Sea College, Brighton VIC 3186",96,1
ABA Wolverines Basketball Club,"The King David School - The Rebecca Magid Centre, Armadale VIC 3143",26,1
Independent,"John Monash Science School, Clayton VIC 3168",5,2
South East Warriors Basketball Club,"Loreto Mandeville Hall, Toorak VIC 3142",9,1
Carnegie Basketball Club,"St Joan of Arc School, Brighton VIC 3186",123,1
Bentleigh Lakers Basketball Club,"Solway Primary School, Ashburton VIC 3147",1,1
South East Warriors Basketball Club,"Brighton Secondary College, Brighton East VIC 3187",85,3
Oakleigh Raptors Basketball Club,"Lighthouse Christian College, Keysborough VIC 3173",1,1
Saints Basketball Club (McKinnon),"Elwood Primary School, Elwood VIC 3184",14,2
Independent,"The King David School, Armadale VIC 3143",17,2
Ormond Jets Basketball Club,"Sholem Aleichem College, Elsternwick VIC 3185",2,1
Independent,"Mount Scopus Memorial College - Fink Karp Ivany Campus, Caulfield South VIC 3162",5,1
Ormond Jets Basketball Club,"Mentone Primary School, Mentone VIC 3194",3,1
St Kilda Warriors Basketball Club,"North Melbourne Primary School, North Melbourne VIC 3051",1,1
Bentleigh Lakers Basketball Club,"Xavier College - Kostka Hall, Brighton VIC 3186",1,1
Bentleigh Lakers Basketball Club,"Haileybury College - Keysborough Boys, Keysborough VIC 3173",23,2
Maccabi Victoria Basketball Club,"The King David School, Armadale VIC 3143",17,2
Carnegie Basketball Club,"Sholem Aleichem College, Elsternwick VIC 3185",2,1
Bentleigh Lakers Basketball Club,"Our Lady of the Assumption School, Cheltenham VIC 3192",1,1
Brighton Wolves Basketball Club,"Black Rock Primary School, Black Rock VIC 3193",4,2
ABA Wolverines Basketball Club,"Brighton Primary School, Brighton VIC 3186",101,2
Oakleigh Raptors Basketball Club,"Mentone Grammar School, Mentone VIC 3194",41,1
Ormond Jets Basketball Club,"Melbourne Montessori College - Brighton East Campus, Brighton East VIC 3187",12,1
ABA Wolverines Basketball Club,"Gardenvale Primary School, Brighton East VIC 3187",187,6
Carnegie Basketball Club,"Sacred Heart Girls' College, Oakleigh VIC 3166",19,1
Bentleigh Lakers Basketball Club,"Brighton Beach Primary School, Brighton VIC 3186",49,3
Oakleigh Raptors Basketball Club,"Good Shepherd School, Wheelers Hill VIC 3150",1,1
South East Warriors Basketball Club,"Star of the Sea College, Brighton VIC 3186",96,3
Independent,"St Joseph's School, Malvern VIC 3144",2,1
South East Warriors Basketball Club,"St Peter's School, Bentleigh East VIC 3165",167,1
East Brighton Vampires Basketball Club,"St Bede's College, Mentone VIC 3194",36,2
Maccabi Victoria Basketball Club,"The King David School - The Rebecca Magid Centre, Armadale VIC 3143",26,4
Oakleigh Raptors Basketball Club,"Kingston Heath Primary School, Cheltenham VIC 3192",1,1
East Brighton Vampires Basketball Club,"De La Salle College, Malvern VIC 3144",54,4
Bentleigh Lakers Basketball Club,"Mount Eliza Primary School, Mount Eliza VIC 3930",1,1
Oakleigh Raptors Basketball Club,"Dingley Primary School, Dingley Village VIC 3172",4,1
St Kilda Warriors Basketball Club,"South Melbourne Primary School, Southbank VIC 3205",5,5
Ormond Jets Basketball Club,"Not Applicable,   ",22,3
Moorabbin Magic Basketball Club,"Beaumaris Primary School, Beaumaris VIC 3193",8,1
Ormond Jets Basketball Club,"Beaumaris Primary School, Beaumaris VIC 3193",8,1
Ormond Jets Basketball Club,"Rowville Secondary College-Eastern Campus, Rowville VIC 3178",2,1
Carnegie Basketball Club,"Rowville Secondary College-Eastern Campus, Rowville VIC 3178",2,1
Bentleigh Lakers Basketball Club,"Melbourne Grammar School - Wadhurst Campus, Melbourne VIC 3004",6,1
Ormond Jets Basketball Club,"Balwyn High School, Balwyn North VIC 3104",1,1
Ormond Jets Basketball Club,"Salesian College Chadstone, Chadstone VIC 3148",63,4
ABA Wolverines Basketball Club,"Mckinnon Primary School, Ormond VIC 3204",105,2
Ormond Jets Basketball Club,"St Kilda Primary School, St Kilda VIC 3182",26,1
Bentleigh Lakers Basketball Club,"The King David School - The Rebecca Magid Centre, Armadale VIC 3143",26,1
Ormond Jets Basketball Club,"St Agnes' School, Highett VIC 3190",2,1
Ormond Jets Basketball Club,"Sandringham College, Sandringham VIC 3191",15,3
ABA Wolverines Basketball Club,"St Patrick's School, Mentone VIC 3194",10,1
Bentleigh Lakers Basketball Club,"Hampton Primary School, Hampton VIC 3188",47,2
ABA Wolverines Basketball Club,"Haileybury College - Keysborough Boys, Keysborough VIC 3173",23,1
South East Warriors Basketball Club,"Firbank Grammar School, Brighton VIC 3186",32,2
Ormond Jets Basketball Club,"Tucker Road Bentleigh Primary School, Bentleigh VIC 3204",105,3
Ormond Jets Basketball Club,"Mentone Girls' Grammar School, Mentone VIC 3194",3,1
East Brighton Vampires Basketball Club,"Melbourne High School, South Yarra VIC 3141",7,1
ABA Wolverines Basketball Club,"Ormond Primary School, Ormond VIC 3204",37,1
Carnegie Basketball Club,"Ormond Primary School, Ormond VIC 3204",37,1
Ormond Jets Basketball Club,"Rossbourne School, Hawthorn VIC 3122",1,1
South East Warriors Basketball Club,"Oakleigh South Primary School, Oakleigh South VIC 3167",134,2
Brighton Wolves Basketball Club,"Kilvington Grammar School, Ormond VIC 3204",115,1
Oakleigh Raptors Basketball Club,"Haileybury College - Keysborough Boys, Keysborough VIC 3173",23,1
South East Warriors Basketball Club,"Wesley College, Melbourne VIC 3004",16,1
St Kilda Warriors Basketball Club,"Ripponlea Primary School, St Kilda East VIC 3183",25,1
Oakleigh Raptors Basketball Club,"St Leonard's College, Brighton East VIC 3187",98,3
Bentleigh Lakers Basketball Club,"Tombolo Academy, Hampton VIC 3188",2,1
St Kilda Warriors Basketball Club,"Melbourne Grammar School, Melbourne VIC 3004",6,1
Oakleigh Raptors Basketball Club,"Brighton Grammar School, Brighton VIC 3186",236,1
St Kilda Warriors Basketball Club,"Haileybury College - Brighton Girls, Brighton VIC 3186",51,1
South East Warriors Basketball Club,"Edithvale Primary School, Edithvale VIC 3196",3,1
Saints Basketball Club (McKinnon),"Oakleigh South Primary School, Oakleigh South VIC 3167",134,1
Oakleigh Raptors Basketball Club,"Kingswood Primary School, Dingley Village VIC 3172",1,1
ABA Wolverines Basketball Club,"Melbourne Grammar School - Grimwade Campus, Caulfield North VIC 3161",8,2
Oakleigh Raptors Basketball Club,"De La Salle College - Kinnoull Campus, Malvern VIC 3144",24,1
Oakleigh Raptors Basketball Club,"McKinnon Secondary College - East Campus, Bentleigh East VIC 3165",260,2
South East Warriors Basketball Club,"St Joseph's School, Elsternwick VIC 3185",80,4
South East Warriors Basketball Club,"Cheltenham Primary School, Cheltenham VIC 3192",2,1
Saints Basketball Club (McKinnon),"Ashwood High School, Ashwood VIC 3147",13,1
Saints Basketball Club (McKinnon),"Glen Eira College, Caulfield East VIC 3145",74,1
East Brighton Vampires Basketball Club,"Sacre Coeur, Glen Iris VIC 3146",9,1
Moorabbin Magic Basketball Club,"Tombolo Academy, Hampton VIC 3188",2,1
Oakleigh Raptors Basketball Club,"St Joseph's School, Malvern VIC 3144",2,1
Brighton Wolves Basketball Club,"Elwood Primary School, Elwood VIC 3184",14,1
Carnegie Basketball Club,"Malvern Central School, Malvern VIC 3144",1,1
Bentleigh Lakers Basketball Club,"Caulfield Junior College, Caulfield North VIC 3161",41,2
Oakleigh Raptors Basketball Club,"East Bentleigh Primary School, Bentleigh East VIC 3165",19,3
Bentleigh Lakers Basketball Club,"Caulfield South Primary School, Caulfield South VIC 3162",114,9
Bayside Warriors Basketball Club Inc,"St Michael's Grammar School, St Kilda VIC 3182",33,3
Brighton Wolves Basketball Club,"Prahran High School, Windsor VIC 3181",6,1
South East Warriors Basketball Club,"Salesian College Chadstone, Chadstone VIC 3148",63,2
Saints Basketball Club (McKinnon),"Kilbreda College, Mentone VIC 3194",12,2
Moorabbin Magic Basketball Club,"Mentone Grammar School, Mentone VIC 3194",41,4
Carnegie Basketball Club,"Caulfield South Primary School, Caulfield South VIC 3162",114,1
Bentleigh Lakers Basketball Club,"Sacred Heart School, Oakleigh VIC 3166",42,1
Ormond Jets Basketball Club,"St Roch's School, Glen Iris VIC 3146",1,1
Ormond Jets Basketball Club,"Mount Waverley Heights Primary School, Mount Waverley VIC 3149",9,1
South East Warriors Basketball Club,"Albert Park College, Albert Park VIC 3206",9,2
Bentleigh Lakers Basketball Club,"MacRobertson Girls High School, Melbourne VIC 3004",4,2
Moorabbin Magic Basketball Club,"Cornish College, Bangholme VIC 3175",4,2
Brighton Wolves Basketball Club,"Sandringham Primary School, Sandringham VIC 3191",3,1
Bentleigh Lakers Basketball Club,"St Mary's School, Malvern East VIC 3145",1,1
East Brighton Vampires Basketball Club,"Melbourne Girls Grammar, South Yarra VIC 3141",5,1
Independent,"Melbourne Girls Grammar, South Yarra VIC 3141",5,1
Oakleigh Raptors Basketball Club,"Sacre Coeur, Glen Iris VIC 3146",9,1
East Brighton Vampires Basketball Club,"St Bede's College - Bentleigh East Campus, Bentleigh East VIC 3165",72,1
Bentleigh Lakers Basketball Club,"Nazareth College, Waverley Gardens VIC 3174",1,1
Saints Basketball Club (McKinnon),"Cornish College, Bangholme VIC 3175",4,2
Brighton Wolves Basketball Club,"De La Salle College, Malvern VIC 3144",54,4
Moorabbin Magic Basketball Club,"Parkdale Primary School, Parkdale VIC 3195",3,1
South East Warriors Basketball Club,"Glen Huntly Primary School, Glen Huntly VIC 3163",20,2
Independent,"St Kevin's College - Waterford, Richmond VIC 3121",7,1
Ormond Jets Basketball Club,"Sacred Heart Girls' College, Oakleigh VIC 3166",19,1
Ormond Jets Basketball Club,"Oakleigh Grammar, Oakleigh VIC 3166",29,2
Bentleigh Lakers Basketball Club,"Melbourne High School, South Yarra VIC 3141",7,3
Oakleigh Raptors Basketball Club,"Emmaus College - Burwood Campus, Burwood VIC 3125",1,1
South East Warriors Basketball Club,"St Patrick's School, Mentone VIC 3194",10,1
Saints Basketball Club (McKinnon),"Caulfield Grammar School - Malvern Campus, Glen Iris VIC 3146",13,2
St Kilda Warriors Basketball Club,"St Mary's School, St Kilda East VIC 3183",9,6
Brighton Wolves Basketball Club,"Caulfield Grammar School - Malvern Campus, Glen Iris VIC 3146",13,2
Oakleigh Raptors Basketball Club,"Caulfield Grammar School - Wheelers Hill Campus, Wheelers Hill VIC 3150",1,1
Ormond Jets Basketball Club,"Xavier College, Kew VIC 3101",4,1
Oakleigh Raptors Basketball Club,"Camberwell High School, Canterbury VIC 3126",1,1
Brighton Wolves Basketball Club,"Sacred Heart Girls' College, Oakleigh VIC 3166",19,1
Carnegie Basketball Club,"Mount Waverley Heights Primary School, Mount Waverley VIC 3149",9,1
Moorabbin Magic Basketball Club,"Dingley Primary School, Dingley Village VIC 3172",4,1
Oakleigh Raptors Basketball Club,"St Patrick's School, Mentone VIC 3194",10,1
Brighton Wolves Basketball Club,"St Joan of Arc Catholic Primary School, Haberfield NSW 2045",1,1
Ormond Jets Basketball Club,"Beaumaris Secondary College, Beaumaris VIC 3193",4,1
South East Warriors Basketball Club,"Our Lady of the Sacred Heart College, Bentleigh VIC 3204",66,1
Oakleigh Raptors Basketball Club,"Haileybury College - Pangea, Keysborough VIC 3173",1,1
Carnegie Basketball Club,"Malvern Primary School, Malvern East VIC 3145",8,1
Ormond Jets Basketball Club,"Elwood Primary School, Elwood VIC 3184",14,7
Oakleigh Raptors Basketball Club,"Brentwood Secondary College, Glen Waverley VIC 3150",2,1
Bentleigh Lakers Basketball Club,"Ashwood High School, Ashwood VIC 3147",13,2
Oakleigh Raptors Basketball Club,"Mount Waverley Secondary College-Junior Campus, Mount Waverley VIC 3149",1,1
St Kilda Warriors Basketball Club,"Melbourne Girls Grammar - Morris Hall Campus, South Yarra VIC 3141",1,1
Independent,"Camberwell Girls Grammar School, Canterbury VIC 3126",3,3
South East Warriors Basketball Club,"Gardenvale Primary School, Brighton East VIC 3187",187,2
Independent,"Parkdale Secondary College, Mordialloc VIC 3195",6,1
Ormond Jets Basketball Club,"Prahran High School, Windsor VIC 3181",6,1
South East Warriors Basketball Club,"Cheltenham East Primary School, Cheltenham VIC 3192",5,1
Independent,"Pinewood Primary School, Mount Waverley VIC 3149",3,1
Carnegie Basketball Club,"Elwood College, Elwood VIC 3184",37,1
Ormond Jets Basketball Club,"St Kevin's College - Glendalough, Toorak VIC 3142",14,1
Moorabbin Tigers Basketball Club,N/A,2176,3
Carnegie Basketball Club,"St Finbar's School, Brighton East VIC 3187",159,1
Saints Basketball Club (McKinnon),"St Kilda Park Primary School, St Kilda VIC 3182",6,1
Moorabbin Magic Basketball Club,"Scotch College, Hawthorn VIC 3122",12,2
Saints Basketball Club (McKinnon),"Caulfield Grammar School, St Kilda East VIC 3183",99,1
Saints Basketball Club (McKinnon),"Beaumaris North Primary School, Beaumaris VIC 3193",3,1
Independent,"Melbourne Girls College, Richmond VIC 3121",1,1
Ormond Jets Basketball Club,"Carey Baptist Grammar School, Kew VIC 3101",1,1
Saints Basketball Club (McKinnon),"East Bentleigh Primary School, Bentleigh East VIC 3165",19,2
Saints Basketball Club (McKinnon),"South Oakleigh College, Oakleigh South VIC 3167",61,1
Bayside Warriors Basketball Club Inc,"St James' School, Brighton VIC 3186",20,2
Independent,"Haileybury College - Keysborough Boys, Keysborough VIC 3173",23,1
Carnegie Basketball Club,"Mckinnon Primary School, Ormond VIC 3204",105,4
Carnegie Basketball Club,"Wesley College, Melbourne VIC 3004",16,1
Brighton Wolves Basketball Club,"Carnegie Primary School, Carnegie VIC 3163",160,1
Moorabbin Magic Basketball Club,"Brighton Grammar School, Brighton VIC 3186",236,2
Ormond Jets Basketball Club,"Mount Scopus Memorial College - Gandel Besen House Campus, St Kilda East VIC 3183",8,1
Bentleigh Lakers Basketball Club,"Wesley College - Elsternwick Campus, Elsternwick VIC 3185",47,2
Piranhas Basketball,N/A,2176,1
Oakleigh Raptors Basketball Club,"St Andrews Primary School, St Andrews VIC 3761",1,1
St Kilda Warriors Basketball Club,"South Melbourne Park Primary School, Albert Park VIC 3206",2,1
Brighton Wolves Basketball Club,"Xavier College, Kew VIC 3101",4,2
Bentleigh Lakers Basketball Club,"Brighton Primary School-Brighton Primary School Deaf Facility, Brighton VIC 3186",6,1
Brighton Wolves Basketball Club,"Cheltenham Secondary College, Cheltenham VIC 3192",33,1
Oakleigh Raptors Basketball Club,"Christway College, Clarinda VIC 3169",3,2
Bentleigh Lakers Basketball Club,"Christway College, Clarinda VIC 3169",3,1
Brighton Wolves Basketball Club,"St Mary's School - Campus 2, St Kilda East VIC 3183",5,2
Saints Basketball Club (McKinnon),"MacRobertson Girls High School, Melbourne VIC 3004",4,2
Moorabbin Tigers Basketball Club,"Cheltenham Primary School, Cheltenham VIC 3192",2,1
Maccabi Victoria Basketball Club,"Caulfield Junior College, Caulfield North VIC 3161",41,1
East Brighton Vampires Basketball Club,"Brighton Beach Primary School, Brighton VIC 3186",49,1
Brighton Wolves Basketball Club,"Edithvale Primary School, Edithvale VIC 3196",3,2
Ormond Jets Basketball Club,"Huntingdale Primary School, Oakleigh South VIC 3167",8,2
Independent,"Kilbreda College, Mentone VIC 3194",12,1
Brighton Wolves Basketball Club,"Le Page Primary School, Cheltenham VIC 3192",12,1
Moorabbin Magic Basketball Club,"Black Rock Primary School, Black Rock VIC 3193",4,1
Moorabbin Magic Basketball Club,"Beaumaris Secondary College, Beaumaris VIC 3193",4,1
East Brighton Vampires Basketball Club,"St Joan of Arc School, Brighton VIC 3186",123,1
Ormond Jets Basketball Club,"Garah Public School, Garah NSW 2405",1,1
South East Warriors Basketball Club,"Brighton Primary School, Brighton VIC 3186",101,1
East Brighton Vampires Basketball Club,"St Kevin's College - Glendalough, Toorak VIC 3142",14,1
Moorabbin Magic Basketball Club,"Brentwood Secondary College, Glen Waverley VIC 3150",2,1
South East Warriors Basketball Club,"Parkdale Primary School, Parkdale VIC 3195",3,2
East Brighton Vampires Basketball Club,"De La Salle College - Kinnoull Campus, Malvern VIC 3144",24,3
Oakleigh Raptors Basketball Club,"St Mark's School, Dingley Village VIC 3172",2,2
ABA Wolverines Basketball Club,"Le Page Primary School, Cheltenham VIC 3192",12,3
Ormond Jets Basketball Club,"Melbourne Girls Grammar, South Yarra VIC 3141",5,1
ABA Wolverines Basketball Club,"Black Rock Primary School, Black Rock VIC 3193",4,1
Saints Basketball Club (McKinnon),"Southmoor Primary School, Moorabbin VIC 3189",55,1
Piranhas Basketball,"Bentleigh Secondary College, Bentleigh East VIC 3165",160,1
Brighton Wolves Basketball Club,"Melbourne Girls Grammar, South Yarra VIC 3141",5,2
Oakleigh Raptors Basketball Club,"Ashwood School, Ashwood VIC 3147",2,1
Bentleigh Lakers Basketball Club,"Canterbury Primary School, Canterbury VIC 3126",2,2
Brighton Wolves Basketball Club,"Wesley College - St Kilda Road Junior Campus, Windsor VIC 3181",16,1
ABA Wolverines Basketball Club,"Cheltenham East Primary School, Cheltenham VIC 3192",5,1
South East Warriors Basketball Club,"Sandringham College-Bluff Road 7-9 Campus, Sandringham VIC 3191",4,1
Piranhas Basketball,"St Kevin's College, Toorak VIC 3142",42,2
Independent,"Scotch College, Hawthorn VIC 3122",12,3
Oakleigh Raptors Basketball Club,"Glen Iris Primary School, Glen Iris VIC 3146",3,2
South East Warriors Basketball Club,"De La Salle College - Holy Eucharist Campus, Malvern East VIC 3145",35,2
Ormond Jets Basketball Club,"Firbank Grammar School, Brighton VIC 3186",32,2
South East Warriors Basketball Club,"Wesley College - St Kilda Road Junior Campus, Windsor VIC 3181",16,3
Oakleigh Raptors Basketball Club,"Clayton South Primary School, Clayton South VIC 3169",1,1
Moorabbin Magic Basketball Club,"St Peter's School, Bentleigh East VIC 3165",167,2
Carnegie Basketball Club,"The King David School, Armadale VIC 3143",17,1
ABA Wolverines Basketball Club,"St Bede's College - Bentleigh East Campus, Bentleigh East VIC 3165",72,1
Brighton Wolves Basketball Club,"Firbank Grammar School - Sandringham Campus, Sandringham VIC 3191",3,1
Bentleigh Lakers Basketball Club,"Mentone Girls Secondary College, Mentone VIC 3194",11,2
Oakleigh Raptors Basketball Club,"Southmoor Primary School, Moorabbin VIC 3189",55,2
Saints Basketball Club (McKinnon),"Cheltenham Secondary College, Cheltenham VIC 3192",33,1
Independent,"St Kevin's College - Glendalough, Toorak VIC 3142",14,1
Oakleigh Raptors Basketball Club,"Wellington Secondary College, Mulgrave VIC 3170",1,1
ABA Wolverines Basketball Club,"Southmoor Primary School, Moorabbin VIC 3189",55,3
Independent,"Coatesville Primary School, Bentleigh East VIC 3165",189,1
ABA Wolverines Basketball Club,"Firbank Grammar School - Sandringham Campus, Sandringham VIC 3191",3,1
Moorabbin Magic Basketball Club,"Hampton Primary School, Hampton VIC 3188",47,1
East Brighton Vampires Basketball Club,"Firbank Grammar School - Sandringham Campus, Sandringham VIC 3191",3,1
Bayside Warriors Basketball Club Inc,"Haileybury College - Brighton Girls, Brighton VIC 3186",51,1
South East Warriors Basketball Club,"Glen Eira College, Caulfield East VIC 3145",74,1
Moorabbin Magic Basketball Club,"East Bentleigh Primary School, Bentleigh East VIC 3165",19,1
Brighton Wolves Basketball Club,"Valkstone Primary School, Bentleigh East VIC 3165",139,2
Oakleigh Raptors Basketball Club,"Camberwell Girls Grammar School - Junior Campus, Canterbury VIC 3126",1,1
Ormond Jets Basketball Club,"Wesley College - Glen Waverley Campus, Glen Waverley VIC 3150",1,1
Independent,"Lauriston Girls' School, Armadale VIC 3143",2,1
Bentleigh Lakers Basketball Club,"Mount Scopus Memorial College, Burwood VIC 3125",122,1
South East Warriors Basketball Club,"East Bentleigh Primary School, Bentleigh East VIC 3165",19,1
Bentleigh Lakers Basketball Club,"Sandringham College-Bluff Road 7-9 Campus, Sandringham VIC 3191",4,1
ABA Wolverines Basketball Club,"Sacred Heart School, Oakleigh VIC 3166",42,1
ABA Wolverines Basketball Club,"St Kevin's College - Glendalough, Toorak VIC 3142",14,1
Oakleigh Raptors Basketball Club,"St Bede's College, Mentone VIC 3194",36,1
Bentleigh Lakers Basketball Club,"Westall Secondary College, Clayton South VIC 3169",5,1
Moorabbin Magic Basketball Club,"Mentone Girls Secondary College, Mentone VIC 3194",11,1
Moorabbin Magic Basketball Club,"Mckinnon Primary School, Ormond VIC 3204",105,3
South East Warriors Basketball Club,"Carnegie Primary School, Carnegie VIC 3163",160,1
South East Warriors Basketball Club,"St Catherine's School, Moorabbin VIC 3189",20,1
Ormond Jets Basketball Club,"Scotch College, Hawthorn VIC 3122",12,1
Bentleigh Lakers Basketball Club,"Beaumaris North Primary School, Beaumaris VIC 3193",3,2
Oakleigh Raptors Basketball Club,"Emmaus College - Junior School, Vermont South VIC 3133",1,1
Ormond Jets Basketball Club,"St Michael's School, Ashburton VIC 3147",1,1
Carnegie Basketball Club,"Moorabbin Primary School, Moorabbin VIC 3189",29,1
Ormond Jets Basketball Club,"Cheltenham Secondary College, Cheltenham VIC 3192",33,2
Ormond Jets Basketball Club,"Oakleigh Primary School, Oakleigh VIC 3166",18,1
Ormond Jets Basketball Club,"Ashwood School, Ashwood VIC 3147",2,1
Brighton Wolves Basketball Club,"Mentone Primary School, Mentone VIC 3194",3,1
Moorabbin Magic Basketball Club,"Glen Huntly Primary School, Glen Huntly VIC 3163",20,1
Saints Basketball Club (McKinnon),"Elisabeth Murdoch College, Langwarrin VIC 3910",1,1
St Kilda Warriors Basketball Club,"MacKillop Specialist School - MacKillop Education Caulfield, Caulfield North VIC 3161",1,1
Carnegie Basketball Club,"Loreto Mandeville Hall, Toorak VIC 3142",9,1
Carnegie Basketball Club,"Galilee Regional Catholic Primary School, South Melbourne VIC 3205",10,1
Carnegie Basketball Club,"Glen Iris Primary School, Glen Iris VIC 3146",3,1
Moorabbin Magic Basketball Club,"Sacre Coeur, Glen Iris VIC 3146",9,1
St Kilda Warriors Basketball Club,"Galilee Catholic Primary School, Bondi Beach NSW 2026",1,1
St Kilda Warriors Basketball Club,"Caulfield Grammar School - Malvern Campus, Glen Iris VIC 3146",13,1
Bentleigh Lakers Basketball Club,"Not Applicable,   ",22,1
Bentleigh Lakers Basketball Club,"Melbourne Montessori College - Caulfield South Campus, Caulfield South VIC 3162",7,1
Ormond Jets Basketball Club,"Hampton Primary School, Hampton VIC 3188",47,1
ABA Wolverines Basketball Club,"Mentone Grammar School, Mentone VIC 3194",41,3
Bentleigh Lakers Basketball Club,"Noble Park English Language School-Stonnington Glen Eira Campus, Glen Huntly VIC 3163",1,1
Oakleigh Raptors Basketball Club,"Valkstone Primary School, Bentleigh East VIC 3165",139,2
Independent,"Beaumaris Secondary College, Beaumaris VIC 3193",4,1
Bentleigh Lakers Basketball Club,"Caulfield Primary School, Caulfield South VIC 3162",24,1
Moorabbin Tigers Basketball Club,"St Joseph's School, Elsternwick VIC 3185",80,1
Brighton Wolves Basketball Club,"Trinity College Colac, Colac VIC 3250",1,1
Carnegie Basketball Club,"St Peter's School, Bentleigh East VIC 3165",167,1
Independent,"Albert Park College, Albert Park VIC 3206",9,1
Moorabbin Magic Basketball Club,"De La Salle College, Malvern VIC 3144",54,1
St Kilda Warriors Basketball Club,"Geelong Grammar School - Toorak campus, Toorak VIC 3142",1,1
Moorabbin Magic Basketball Club,"Caulfield Grammar School - Malvern Campus, Glen Iris VIC 3146",13,2
Oakleigh Raptors Basketball Club,"Waverley Christian College - Narre Warren South Campus, Narre Warren South VIC 3805",2,2
Ormond Jets Basketball Club,"Virtual School Victoria, Thornbury VIC 3071",2,2
Saints Basketball Club (McKinnon),"Elwood College, Elwood VIC 3184",37,1
Carnegie Basketball Club,"Ashwood High School, Ashwood VIC 3147",13,1
Bayside Warriors Basketball Club Inc,"Star of the Sea College, Brighton VIC 3186",96,1
Bentleigh Lakers Basketball Club,"Mentone Primary School, Mentone VIC 3194",3,1
Bentleigh Lakers Basketball Club,"Trinity Grammar School Kew, Kew VIC 3101",1,1
Ormond Jets Basketball Club,"St Paul's School, Bentleigh VIC 3204",157,1